Date,Daylength
2017-01-01,8:17:20
2017-01-02,8:18:28
2017-01-03,8:19:42
2017-01-04,8:21:00
2017-01-05,8:22:24
2017-01-06,8:23:53
2017-01-07,8:25:27
2017-01-08,8:27:06
2017-01-09,8:28:50
2017-01-10,8:30:38
2017-01-11,8:32:31
2017-01-12,8:34:29
2017-01-13,8:36:31
2017-01-14,8:38:37
2017-01-15,8:40:47
2017-01-16,8:43:02
2017-01-17,8:45:20
2017-01-18,8:47:42
2017-01-19,8:50:08
2017-01-20,8:52:38
2017-01-21,8:55:10
2017-01-22,8:57:47
2017-01-23,9:00:26
2017-01-24,9:03:09
2017-01-25,9:05:54
2017-01-26,9:08:43
2017-01-27,9:11:34
2017-01-28,9:14:28
2017-01-29,9:17:25
2017-01-30,9:20:24
2017-01-31,9:23:25
2017-02-01,9:26:29
2017-02-02,9:29:34
2017-02-03,9:32:42
2017-02-04,9:35:52
2017-02-05,9:39:04
2017-02-06,9:42:17
2017-02-07,9:45:32
2017-02-08,9:48:49
2017-02-09,9:52:08
2017-02-10,9:55:28
2017-02-11,9:58:49
2017-02-12,10:02:11
2017-02-13,10:05:35
2017-02-14,10:09:01
2017-02-15,10:12:27
2017-02-16,10:15:54
2017-02-17,10:19:23
2017-02-18,10:22:52
2017-02-19,10:26:22
2017-02-20,10:29:54
2017-02-21,10:33:26
2017-02-22,10:36:58
2017-02-23,10:40:32
2017-02-24,10:44:06
2017-02-25,10:47:41
2017-02-26,10:51:16
2017-02-27,10:54:52
2017-02-28,10:58:28
2017-03-01,11:02:05
2017-03-02,11:05:43
2017-03-03,11:09:20
2017-03-04,11:12:58
2017-03-05,11:16:37
2017-03-06,11:20:15
2017-03-07,11:23:54
2017-03-08,11:27:33
2017-03-09,11:31:13
2017-03-10,11:34:52
2017-03-11,11:38:32
2017-03-12,11:42:12
2017-03-13,11:45:52
2017-03-14,11:49:32
2017-03-15,11:53:12
2017-03-16,11:56:52
2017-03-17,12:00:32
2017-03-18,12:04:12
2017-03-19,12:07:53
2017-03-20,12:11:33
2017-03-21,12:15:13
2017-03-22,12:18:53
2017-03-23,12:22:33
2017-03-24,12:26:13
2017-03-25,12:29:53
2017-03-26,12:33:33
2017-03-27,12:37:12
2017-03-28,12:40:51
2017-03-29,12:44:30
2017-03-30,12:48:09
2017-03-31,12:51:48
2017-04-01,12:55:26
2017-04-02,12:59:04
2017-04-03,13:02:41
2017-04-04,13:06:18
2017-04-05,13:09:55
2017-04-06,13:13:31
2017-04-07,13:17:07
2017-04-08,13:20:42
2017-04-09,13:24:17
2017-04-10,13:27:51
2017-04-11,13:31:25
2017-04-12,13:34:58
2017-04-13,13:38:30
2017-04-14,13:42:02
2017-04-15,13:45:33
2017-04-16,13:49:03
2017-04-17,13:52:33
2017-04-18,13:56:01
2017-04-19,13:59:29
2017-04-20,14:02:56
2017-04-21,14:06:22
2017-04-22,14:09:46
2017-04-23,14:13:10
2017-04-24,14:16:33
2017-04-25,14:19:54
2017-04-26,14:23:14
2017-04-27,14:26:33
2017-04-28,14:29:50
2017-04-29,14:33:06
2017-04-30,14:36:21
2017-05-01,14:39:34
2017-05-02,14:42:45
2017-05-03,14:45:54
2017-05-04,14:49:02
2017-05-05,14:52:08
2017-05-06,14:55:11
2017-05-07,14:58:13
2017-05-08,15:01:13
2017-05-09,15:04:10
2017-05-10,15:07:05
2017-05-11,15:09:58
2017-05-12,15:12:48
2017-05-13,15:15:36
2017-05-14,15:18:21
2017-05-15,15:21:04
2017-05-16,15:23:43
2017-05-17,15:26:20
2017-05-18,15:28:54
2017-05-19,15:31:24
2017-05-20,15:33:52
2017-05-21,15:36:16
2017-05-22,15:38:36
2017-05-23,15:40:53
2017-05-24,15:43:07
2017-05-25,15:45:17
2017-05-26,15:47:23
2017-05-27,15:49:25
2017-05-28,15:51:23
2017-05-29,15:53:17
2017-05-30,15:55:06
2017-05-31,15:56:52
2017-06-01,15:58:33
2017-06-02,16:00:09
2017-06-03,16:01:41
2017-06-04,16:03:08
2017-06-05,16:04:31
2017-06-06,16:05:48
2017-06-07,16:07:01
2017-06-08,16:08:09
2017-06-09,16:09:12
2017-06-10,16:10:09
2017-06-11,16:11:02
2017-06-12,16:11:49
2017-06-13,16:12:31
2017-06-14,16:13:08
2017-06-15,16:13:40
2017-06-16,16:14:06
2017-06-17,16:14:27
2017-06-18,16:14:42
2017-06-19,16:14:52
2017-06-20,16:14:56
2017-06-21,16:14:56
2017-06-22,16:14:49
2017-06-23,16:14:37
2017-06-24,16:14:20
2017-06-25,16:13:58
2017-06-26,16:13:30
2017-06-27,16:12:57
2017-06-28,16:12:18
2017-06-29,16:11:34
2017-06-30,16:10:46
2017-07-01,16:09:51
2017-07-02,16:08:52
2017-07-03,16:07:48
2017-07-04,16:06:39
2017-07-05,16:05:25
2017-07-06,16:04:06
2017-07-07,16:02:42
2017-07-08,16:01:14
2017-07-09,15:59:41
2017-07-10,15:58:04
2017-07-11,15:56:22
2017-07-12,15:54:36
2017-07-13,15:52:46
2017-07-14,15:50:52
2017-07-15,15:48:54
2017-07-16,15:46:51
2017-07-17,15:44:45
2017-07-18,15:42:36
2017-07-19,15:40:22
2017-07-20,15:38:05
2017-07-21,15:35:45
2017-07-22,15:33:21
2017-07-23,15:30:54
2017-07-24,15:28:24
2017-07-25,15:25:51
2017-07-26,15:23:15
2017-07-27,15:20:37
2017-07-28,15:17:55
2017-07-29,15:15:11
2017-07-30,15:12:24
2017-07-31,15:09:35
2017-08-01,15:06:44
2017-08-02,15:03:50
2017-08-03,15:00:54
2017-08-04,14:57:56
2017-08-05,14:54:56
2017-08-06,14:51:54
2017-08-07,14:48:50
2017-08-08,14:45:45
2017-08-09,14:42:37
2017-08-10,14:39:28
2017-08-11,14:36:18
2017-08-12,14:33:06
2017-08-13,14:29:52
2017-08-14,14:26:37
2017-08-15,14:23:21
2017-08-16,14:20:04
2017-08-17,14:16:45
2017-08-18,14:13:25
2017-08-19,14:10:04
2017-08-20,14:06:42
2017-08-21,14:03:19
2017-08-22,13:59:55
2017-08-23,13:56:30
2017-08-24,13:53:04
2017-08-25,13:49:38
2017-08-26,13:46:10
2017-08-27,13:42:42
2017-08-28,13:39:14
2017-08-29,13:35:44
2017-08-30,13:32:14
2017-08-31,13:28:44
2017-09-01,13:25:13
2017-09-02,13:21:41
2017-09-03,13:18:09
2017-09-04,13:14:36
2017-09-05,13:11:03
2017-09-06,13:07:30
2017-09-07,13:03:56
2017-09-08,13:00:22
2017-09-09,12:56:48
2017-09-10,12:53:13
2017-09-11,12:49:38
2017-09-12,12:46:03
2017-09-13,12:42:27
2017-09-14,12:38:51
2017-09-15,12:35:15
2017-09-16,12:31:39
2017-09-17,12:28:03
2017-09-18,12:24:26
2017-09-19,12:20:49
2017-09-20,12:17:13
2017-09-21,12:13:36
2017-09-22,12:09:59
2017-09-23,12:06:22
2017-09-24,12:02:45
2017-09-25,11:59:08
2017-09-26,11:55:31
2017-09-27,11:51:54
2017-09-28,11:48:17
2017-09-29,11:44:40
2017-09-30,11:41:04
2017-10-01,11:37:27
2017-10-02,11:33:51
2017-10-03,11:30:15
2017-10-04,11:26:39
2017-10-05,11:23:03
2017-10-06,11:19:27
2017-10-07,11:15:52
2017-10-08,11:12:17
2017-10-09,11:08:42
2017-10-10,11:05:08
2017-10-11,11:01:34
2017-10-12,10:58:00
2017-10-13,10:54:27
2017-10-14,10:50:54
2017-10-15,10:47:22
2017-10-16,10:43:50
2017-10-17,10:40:19
2017-10-18,10:36:49
2017-10-19,10:33:19
2017-10-20,10:29:49
2017-10-21,10:26:21
2017-10-22,10:22:53
2017-10-23,10:19:27
2017-10-24,10:16:01
2017-10-25,10:12:36
2017-10-26,10:09:12
2017-10-27,10:05:49
2017-10-28,10:02:28
2017-10-29,9:59:08
2017-10-30,9:55:49
2017-10-31,9:52:31
2017-11-01,9:49:15
2017-11-02,9:46:00
2017-11-03,9:42:47
2017-11-04,9:39:35
2017-11-05,9:36:25
2017-11-06,9:33:17
2017-11-07,9:30:11
2017-11-08,9:27:07
2017-11-09,9:24:05
2017-11-10,9:21:05
2017-11-11,9:18:07
2017-11-12,9:15:12
2017-11-13,9:12:19
2017-11-14,9:09:28
2017-11-15,9:06:41
2017-11-16,9:03:56
2017-11-17,9:01:14
2017-11-18,8:58:34
2017-11-19,8:55:58
2017-11-20,8:53:26
2017-11-21,8:50:56
2017-11-22,8:48:30
2017-11-23,8:46:08
2017-11-24,8:43:49
2017-11-25,8:41:34
2017-11-26,8:39:23
2017-11-27,8:37:16
2017-11-28,8:35:13
2017-11-29,8:33:15
2017-11-30,8:31:21
2017-12-01,8:29:31
2017-12-02,8:27:46
2017-12-03,8:26:06
2017-12-04,8:24:30
2017-12-05,8:23:00
2017-12-06,8:21:34
2017-12-07,8:20:13
2017-12-08,8:18:58
2017-12-09,8:17:48
2017-12-10,8:16:43
2017-12-11,8:15:44
2017-12-12,8:14:50
2017-12-13,8:14:02
2017-12-14,8:13:20
2017-12-15,8:12:43
2017-12-16,8:12:12
2017-12-17,8:11:46
2017-12-18,8:11:27
2017-12-19,8:11:13
2017-12-20,8:11:05
2017-12-21,8:11:03
2017-12-22,8:11:07
2017-12-23,8:11:16
2017-12-24,8:11:32
2017-12-25,8:11:53
2017-12-26,8:12:21
2017-12-27,8:12:54
2017-12-28,8:13:32
2017-12-29,8:14:17
2017-12-30,8:15:07
2017-12-31,8:16:03
2018-01-01,8:17:04
2018-01-02,8:18:11
2018-01-03,8:19:23
2018-01-04,8:20:40
2018-01-05,8:22:03
2018-01-06,8:23:31
2018-01-07,8:25:04
2018-01-08,8:26:41
2018-01-09,8:28:24
2018-01-10,8:30:11
2018-01-11,8:32:03
2018-01-12,8:34:00
2018-01-13,8:36:01
2018-01-14,8:38:06
2018-01-15,8:40:15
2018-01-16,8:42:29
2018-01-17,8:44:46
2018-01-18,8:47:08
2018-01-19,8:49:33
2018-01-20,8:52:01
2018-01-21,8:54:33
2018-01-22,8:57:09
2018-01-23,8:59:47
2018-01-24,9:02:29
2018-01-25,9:05:14
2018-01-26,9:08:02
2018-01-27,9:10:52
2018-01-28,9:13:45
2018-01-29,9:16:41
2018-01-30,9:19:40
2018-01-31,9:22:40
2018-02-01,9:25:43
2018-02-02,9:28:48
2018-02-03,9:31:56
2018-02-04,9:35:05
2018-02-05,9:38:16
2018-02-06,9:41:29
2018-02-07,9:44:44
2018-02-08,9:48:01
2018-02-09,9:51:19
2018-02-10,9:54:38
2018-02-11,9:58:00
2018-02-12,10:01:22
2018-02-13,10:04:46
2018-02-14,10:08:11
2018-02-15,10:11:37
2018-02-16,10:15:04
2018-02-17,10:18:32
2018-02-18,10:22:01
2018-02-19,10:25:31
2018-02-20,10:29:02
2018-02-21,10:32:34
2018-02-22,10:36:07
2018-02-23,10:39:40
2018-02-24,10:43:14
2018-02-25,10:46:49
2018-02-26,10:50:24
2018-02-27,10:53:59
2018-02-28,10:57:36
2018-03-01,11:01:12
2018-03-02,11:04:49
2018-03-03,11:08:27
2018-03-04,11:12:05
2018-03-05,11:15:43
2018-03-06,11:19:21
2018-03-07,11:23:00
2018-03-08,11:26:39
2018-03-09,11:30:19
2018-03-10,11:33:58
2018-03-11,11:37:38
2018-03-12,11:41:18
2018-03-13,11:44:58
2018-03-14,11:48:38
2018-03-15,11:52:18
2018-03-16,11:55:58
2018-03-17,11:59:39
2018-03-18,12:03:19
2018-03-19,12:06:59
2018-03-20,12:10:40
2018-03-21,12:14:20
2018-03-22,12:18:00
2018-03-23,12:21:40
2018-03-24,12:25:20
2018-03-25,12:29:00
2018-03-26,12:32:40
2018-03-27,12:36:19
2018-03-28,12:39:58
2018-03-29,12:43:37
2018-03-30,12:47:16
2018-03-31,12:50:54
2018-04-01,12:54:32
2018-04-02,12:58:10
2018-04-03,13:01:48
2018-04-04,13:05:25
2018-04-05,13:09:02
2018-04-06,13:12:38
2018-04-07,13:16:14
2018-04-08,13:19:50
2018-04-09,13:23:25
2018-04-10,13:26:59
2018-04-11,13:30:33
2018-04-12,13:34:06
2018-04-13,13:37:39
2018-04-14,13:41:11
2018-04-15,13:44:42
2018-04-16,13:48:13
2018-04-17,13:51:42
2018-04-18,13:55:11
2018-04-19,13:58:39
2018-04-20,14:02:06
2018-04-21,14:05:33
2018-04-22,14:08:58
2018-04-23,14:12:21
2018-04-24,14:15:44
2018-04-25,14:19:06
2018-04-26,14:22:26
2018-04-27,14:25:45
2018-04-28,14:29:03
2018-04-29,14:32:19
2018-04-30,14:35:34
2018-05-01,14:38:47
2018-05-02,14:41:58
2018-05-03,14:45:08
2018-05-04,14:48:16
2018-05-05,14:51:22
2018-05-06,14:54:27
2018-05-07,14:57:29
2018-05-08,15:00:29
2018-05-09,15:03:27
2018-05-10,15:06:23
2018-05-11,15:09:16
2018-05-12,15:12:07
2018-05-13,15:14:56
2018-05-14,15:17:42
2018-05-15,15:20:25
2018-05-16,15:23:05
2018-05-17,15:25:43
2018-05-18,15:28:17
2018-05-19,15:30:49
2018-05-20,15:33:17
2018-05-21,15:35:42
2018-05-22,15:38:03
2018-05-23,15:40:21
2018-05-24,15:42:36
2018-05-25,15:44:46
2018-05-26,15:46:53
2018-05-27,15:48:56
2018-05-28,15:50:55
2018-05-29,15:52:50
2018-05-30,15:54:40
2018-05-31,15:56:27
2018-06-01,15:58:09
2018-06-02,15:59:46
2018-06-03,16:01:19
2018-06-04,16:02:48
2018-06-05,16:04:11
2018-06-06,16:05:30
2018-06-07,16:06:44
2018-06-08,16:07:53
2018-06-09,16:08:57
2018-06-10,16:09:56
2018-06-11,16:10:50
2018-06-12,16:11:39
2018-06-13,16:12:22
2018-06-14,16:13:00
2018-06-15,16:13:33
2018-06-16,16:14:01
2018-06-17,16:14:23
2018-06-18,16:14:39
2018-06-19,16:14:51
2018-06-20,16:14:56
2018-06-21,16:14:57
2018-06-22,16:14:52
2018-06-23,16:14:41
2018-06-24,16:14:25
2018-06-25,16:14:04
2018-06-26,16:13:38
2018-06-27,16:13:06
2018-06-28,16:12:28
2018-06-29,16:11:46
2018-06-30,16:10:58
2018-07-01,16:10:05
2018-07-02,16:09:07
2018-07-03,16:08:04
2018-07-04,16:06:56
2018-07-05,16:05:44
2018-07-06,16:04:26
2018-07-07,16:03:03
2018-07-08,16:01:36
2018-07-09,16:00:05
2018-07-10,15:58:28
2018-07-11,15:56:48
2018-07-12,15:55:03
2018-07-13,15:53:13
2018-07-14,15:51:20
2018-07-15,15:49:23
2018-07-16,15:47:21
2018-07-17,15:45:16
2018-07-18,15:43:07
2018-07-19,15:40:55
2018-07-20,15:38:39
2018-07-21,15:36:19
2018-07-22,15:33:56
2018-07-23,15:31:30
2018-07-24,15:29:01
2018-07-25,15:26:29
2018-07-26,15:23:54
2018-07-27,15:21:16
2018-07-28,15:18:35
2018-07-29,15:15:51
2018-07-30,15:13:05
2018-07-31,15:10:17
2018-08-01,15:07:26
2018-08-02,15:04:33
2018-08-03,15:01:38
2018-08-04,14:58:40
2018-08-05,14:55:40
2018-08-06,14:52:39
2018-08-07,14:49:35
2018-08-08,14:46:30
2018-08-09,14:43:23
2018-08-10,14:40:14
2018-08-11,14:37:04
2018-08-12,14:33:52
2018-08-13,14:30:39
2018-08-14,14:27:24
2018-08-15,14:24:08
2018-08-16,14:20:51
2018-08-17,14:17:33
2018-08-18,14:14:13
2018-08-19,14:10:52
2018-08-20,14:07:31
2018-08-21,14:04:08
2018-08-22,14:00:44
2018-08-23,13:57:20
2018-08-24,13:53:54
2018-08-25,13:50:28
2018-08-26,13:47:01
2018-08-27,13:43:33
2018-08-28,13:40:05
2018-08-29,13:36:36
2018-08-30,13:33:06
2018-08-31,13:29:36
2018-09-01,13:26:05
2018-09-02,13:22:33
2018-09-03,13:19:01
2018-09-04,13:15:29
2018-09-05,13:11:56
2018-09-06,13:08:22
2018-09-07,13:04:49
2018-09-08,13:01:15
2018-09-09,12:57:40
2018-09-10,12:54:05
2018-09-11,12:50:30
2018-09-12,12:46:55
2018-09-13,12:43:19
2018-09-14,12:39:43
2018-09-15,12:36:07
2018-09-16,12:32:31
2018-09-17,12:28:55
2018-09-18,12:25:18
2018-09-19,12:21:42
2018-09-20,12:18:05
2018-09-21,12:14:29
2018-09-22,12:10:52
2018-09-23,12:07:15
2018-09-24,12:03:38
2018-09-25,12:00:01
2018-09-26,11:56:24
2018-09-27,11:52:48
2018-09-28,11:49:11
2018-09-29,11:45:34
2018-09-30,11:41:57
2018-10-01,11:38:21
2018-10-02,11:34:44
2018-10-03,11:31:08
2018-10-04,11:27:32
2018-10-05,11:23:56
2018-10-06,11:20:20
2018-10-07,11:16:45
2018-10-08,11:13:10
2018-10-09,11:09:35
2018-10-10,11:06:00
2018-10-11,11:02:26
2018-10-12,10:58:52
2018-10-13,10:55:19
2018-10-14,10:51:46
2018-10-15,10:48:13
2018-10-16,10:44:41
2018-10-17,10:41:10
2018-10-18,10:37:40
2018-10-19,10:34:10
2018-10-20,10:30:40
2018-10-21,10:27:12
2018-10-22,10:23:44
2018-10-23,10:20:17
2018-10-24,10:16:51
2018-10-25,10:13:26
2018-10-26,10:10:03
2018-10-27,10:06:40
2018-10-28,10:03:18
2018-10-29,9:59:57
2018-10-30,9:56:38
2018-10-31,9:53:20
2018-11-01,9:50:03
2018-11-02,9:46:48
2018-11-03,9:43:34
2018-11-04,9:40:22
2018-11-05,9:37:12
2018-11-06,9:34:03
2018-11-07,9:30:56
2018-11-08,9:27:52
2018-11-09,9:24:49
2018-11-10,9:21:48
2018-11-11,9:18:50
2018-11-12,9:15:54
2018-11-13,9:13:00
2018-11-14,9:10:09
2018-11-15,9:07:21
2018-11-16,9:04:35
2018-11-17,9:01:52
2018-11-18,8:59:13
2018-11-19,8:56:36
2018-11-20,8:54:02
2018-11-21,8:51:32
2018-11-22,8:49:06
2018-11-23,8:46:42
2018-11-24,8:44:23
2018-11-25,8:42:07
2018-11-26,8:39:55
2018-11-27,8:37:47
2018-11-28,8:35:43
2018-11-29,8:33:44
2018-11-30,8:31:49
2018-12-01,8:29:58
2018-12-02,8:28:12
2018-12-03,8:26:30
2018-12-04,8:24:53
2018-12-05,8:23:21
2018-12-06,8:21:54
2018-12-07,8:20:32
2018-12-08,8:19:16
2018-12-09,8:18:04
2018-12-10,8:16:58
2018-12-11,8:15:58
2018-12-12,8:15:02
2018-12-13,8:14:13
2018-12-14,8:13:29
2018-12-15,8:12:50
2018-12-16,8:12:18
2018-12-17,8:11:51
2018-12-18,8:11:30
2018-12-19,8:11:15
2018-12-20,8:11:06
2018-12-21,8:11:02
2018-12-22,8:11:05
2018-12-23,8:11:13
2018-12-24,8:11:27
2018-12-25,8:11:47
2018-12-26,8:12:13
2018-12-27,8:12:45
2018-12-28,8:13:22
2018-12-29,8:14:05
2018-12-30,8:14:54
2018-12-31,8:15:48
2019-01-01,8:16:48
2019-01-02,8:17:54
2019-01-03,8:19:05
2019-01-04,8:20:21
2019-01-05,8:21:42
2019-01-06,8:23:09
2019-01-07,8:24:40
2019-01-08,8:26:17
2019-01-09,8:27:58
2019-01-10,8:29:45
2019-01-11,8:31:35
2019-01-12,8:33:31
2019-01-13,8:35:31
2019-01-14,8:37:35
2019-01-15,8:39:43
2019-01-16,8:41:56
2019-01-17,8:44:12
2019-01-18,8:46:33
2019-01-19,8:48:57
2019-01-20,8:51:24
2019-01-21,8:53:56
2019-01-22,8:56:30
2019-01-23,8:59:08
2019-01-24,9:01:49
2019-01-25,9:04:33
2019-01-26,9:07:20
2019-01-27,9:10:10
2019-01-28,9:13:03
2019-01-29,9:15:58
2019-01-30,9:18:56
2019-01-31,9:21:56
2019-02-01,9:24:59
2019-02-02,9:28:03
2019-02-03,9:31:10
2019-02-04,9:34:19
2019-02-05,9:37:30
2019-02-06,9:40:43
2019-02-07,9:43:57
2019-02-08,9:47:14
2019-02-09,9:50:31
2019-02-10,9:53:51
2019-02-11,9:57:11
2019-02-12,10:00:33
2019-02-13,10:03:57
2019-02-14,10:07:21
2019-02-15,10:10:47
2019-02-16,10:14:14
2019-02-17,10:17:42
2019-02-18,10:21:11
2019-02-19,10:24:41
2019-02-20,10:28:11
2019-02-21,10:31:43
2019-02-22,10:35:15
2019-02-23,10:38:48
2019-02-24,10:42:22
2019-02-25,10:45:57
2019-02-26,10:49:32
2019-02-27,10:53:07
2019-02-28,10:56:43
2019-03-01,11:00:20
2019-03-02,11:03:57
2019-03-03,11:07:35
2019-03-04,11:11:13
2019-03-05,11:14:51
2019-03-06,11:18:29
2019-03-07,11:22:08
2019-03-08,11:25:47
2019-03-09,11:29:27
2019-03-10,11:33:06
2019-03-11,11:36:46
2019-03-12,11:40:26
2019-03-13,11:44:06
2019-03-14,11:47:46
2019-03-15,11:51:26
2019-03-16,11:55:07
2019-03-17,11:58:47
2019-03-18,12:02:27
2019-03-19,12:06:07
2019-03-20,12:09:47
2019-03-21,12:13:28
2019-03-22,12:17:08
2019-03-23,12:20:48
2019-03-24,12:24:27
2019-03-25,12:28:07
2019-03-26,12:31:47
2019-03-27,12:35:26
2019-03-28,12:39:06
2019-03-29,12:42:45
2019-03-30,12:46:24
2019-03-31,12:50:02
2019-04-01,12:53:41
2019-04-02,12:57:19
2019-04-03,13:00:57
2019-04-04,13:04:34
2019-04-05,13:08:11
2019-04-06,13:11:48
2019-04-07,13:15:24
2019-04-08,13:18:59
2019-04-09,13:22:35
2019-04-10,13:26:09
2019-04-11,13:29:43
2019-04-12,13:33:17
2019-04-13,13:36:49
2019-04-14,13:40:22
2019-04-15,13:43:53
2019-04-16,13:47:24
2019-04-17,13:50:53
2019-04-18,13:54:22
2019-04-19,13:57:50
2019-04-20,14:01:17
2019-04-21,14:04:44
2019-04-22,14:08:09
2019-04-23,14:11:33
2019-04-24,14:14:56
2019-04-25,14:18:18
2019-04-26,14:21:39
2019-04-27,14:24:58
2019-04-28,14:28:16
2019-04-29,14:31:33
2019-04-30,14:34:48
2019-05-01,14:38:01
2019-05-02,14:41:13
2019-05-03,14:44:24
2019-05-04,14:47:32
2019-05-05,14:50:39
2019-05-06,14:53:44
2019-05-07,14:56:47
2019-05-08,14:59:48
2019-05-09,15:02:46
2019-05-10,15:05:43
2019-05-11,15:08:37
2019-05-12,15:11:28
2019-05-13,15:14:17
2019-05-14,15:17:04
2019-05-15,15:19:47
2019-05-16,15:22:28
2019-05-17,15:25:06
2019-05-18,15:27:41
2019-05-19,15:30:13
2019-05-20,15:32:42
2019-05-21,15:35:08
2019-05-22,15:37:30
2019-05-23,15:39:49
2019-05-24,15:42:04
2019-05-25,15:44:16
2019-05-26,15:46:23
2019-05-27,15:48:27
2019-05-28,15:50:27
2019-05-29,15:52:23
2019-05-30,15:54:15
2019-05-31,15:56:02
2019-06-01,15:57:45
2019-06-02,15:59:24
2019-06-03,16:00:58
2019-06-04,16:02:28
2019-06-05,16:03:53
2019-06-06,16:05:13
2019-06-07,16:06:28
2019-06-08,16:07:38
2019-06-09,16:08:43
2019-06-10,16:09:43
2019-06-11,16:10:38
2019-06-12,16:11:28
2019-06-13,16:12:13
2019-06-14,16:12:52
2019-06-15,16:13:26
2019-06-16,16:13:55
2019-06-17,16:14:18
2019-06-18,16:14:36
2019-06-19,16:14:49
2019-06-20,16:14:56
2019-06-21,16:14:58
2019-06-22,16:14:54
2019-06-23,16:14:45
2019-06-24,16:14:30
2019-06-25,16:14:10
2019-06-26,16:13:45
2019-06-27,16:13:14
2019-06-28,16:12:38
2019-06-29,16:11:57
2019-06-30,16:11:10
2019-07-01,16:10:19
2019-07-02,16:09:22
2019-07-03,16:08:20
2019-07-04,16:07:13
2019-07-05,16:06:02
2019-07-06,16:04:45
2019-07-07,16:03:24
2019-07-08,16:01:58
2019-07-09,16:00:27
2019-07-10,15:58:52
2019-07-11,15:57:12
2019-07-12,15:55:28
2019-07-13,15:53:40
2019-07-14,15:51:48
2019-07-15,15:49:51
2019-07-16,15:47:51
2019-07-17,15:45:47
2019-07-18,15:43:39
2019-07-19,15:41:27
2019-07-20,15:39:12
2019-07-21,15:36:53
2019-07-22,15:34:32
2019-07-23,15:32:06
2019-07-24,15:29:38
2019-07-25,15:27:06
2019-07-26,15:24:32
2019-07-27,15:21:54
2019-07-28,15:19:14
2019-07-29,15:16:31
2019-07-30,15:13:46
2019-07-31,15:10:58
2019-08-01,15:08:08
2019-08-02,15:05:15
2019-08-03,15:02:20
2019-08-04,14:59:23
2019-08-05,14:56:24
2019-08-06,14:53:23
2019-08-07,14:50:20
2019-08-08,14:47:15
2019-08-09,14:44:08
2019-08-10,14:41:00
2019-08-11,14:37:50
2019-08-12,14:34:39
2019-08-13,14:31:26
2019-08-14,14:28:12
2019-08-15,14:24:56
2019-08-16,14:21:39
2019-08-17,14:18:21
2019-08-18,14:15:02
2019-08-19,14:11:42
2019-08-20,14:08:20
2019-08-21,14:04:58
2019-08-22,14:01:34
2019-08-23,13:58:10
2019-08-24,13:54:45
2019-08-25,13:51:19
2019-08-26,13:47:52
2019-08-27,13:44:24
2019-08-28,13:40:56
2019-08-29,13:37:27
2019-08-30,13:33:57
2019-08-31,13:30:26
2019-09-01,13:26:56
2019-09-02,13:23:24
2019-09-03,13:19:52
2019-09-04,13:16:20
2019-09-05,13:12:47
2019-09-06,13:09:14
2019-09-07,13:05:40
2019-09-08,13:02:06
2019-09-09,12:58:32
2019-09-10,12:54:57
2019-09-11,12:51:22
2019-09-12,12:47:47
2019-09-13,12:44:12
2019-09-14,12:40:36
2019-09-15,12:37:00
2019-09-16,12:33:24
2019-09-17,12:29:48
2019-09-18,12:26:12
2019-09-19,12:22:36
2019-09-20,12:18:59
2019-09-21,12:15:22
2019-09-22,12:11:45
2019-09-23,12:08:08
2019-09-24,12:04:32
2019-09-25,12:00:55
2019-09-26,11:57:18
2019-09-27,11:53:41
2019-09-28,11:50:04
2019-09-29,11:46:27
2019-09-30,11:42:50
2019-10-01,11:39:13
2019-10-02,11:35:37
2019-10-03,11:32:00
2019-10-04,11:28:24
2019-10-05,11:24:48
2019-10-06,11:21:12
2019-10-07,11:17:37
2019-10-08,11:14:02
2019-10-09,11:10:27
2019-10-10,11:06:52
2019-10-11,11:03:18
2019-10-12,10:59:44
2019-10-13,10:56:11
2019-10-14,10:52:38
2019-10-15,10:49:06
2019-10-16,10:45:34
2019-10-17,10:42:03
2019-10-18,10:38:32
2019-10-19,10:35:02
2019-10-20,10:31:32
2019-10-21,10:28:04
2019-10-22,10:24:36
2019-10-23,10:21:09
2019-10-24,10:17:42
2019-10-25,10:14:17
2019-10-26,10:10:53
2019-10-27,10:07:29
2019-10-28,10:04:07
2019-10-29,10:00:46
2019-10-30,9:57:26
2019-10-31,9:54:08
2019-11-01,9:50:51
2019-11-02,9:47:35
2019-11-03,9:44:21
2019-11-04,9:41:08
2019-11-05,9:37:58
2019-11-06,9:34:49
2019-11-07,9:31:41
2019-11-08,9:28:36
2019-11-09,9:25:33
2019-11-10,9:22:32
2019-11-11,9:19:33
2019-11-12,9:16:37
2019-11-13,9:13:43
2019-11-14,9:10:51
2019-11-15,9:08:02
2019-11-16,9:05:16
2019-11-17,9:02:32
2019-11-18,8:59:52
2019-11-19,8:57:15
2019-11-20,8:54:40
2019-11-21,8:52:09
2019-11-22,8:49:41
2019-11-23,8:47:17
2019-11-24,8:44:57
2019-11-25,8:42:40
2019-11-26,8:40:27
2019-11-27,8:38:18
2019-11-28,8:36:13
2019-11-29,8:34:12
2019-11-30,8:32:16
2019-12-01,8:30:24
2019-12-02,8:28:36
2019-12-03,8:26:53
2019-12-04,8:25:16
2019-12-05,8:23:42
2019-12-06,8:22:14
2019-12-07,8:20:51
2019-12-08,8:19:33
2019-12-09,8:18:21
2019-12-10,8:17:13
2019-12-11,8:16:11
2019-12-12,8:15:15
2019-12-13,8:14:24
2019-12-14,8:13:39
2019-12-15,8:12:59
2019-12-16,8:12:25
2019-12-17,8:11:57
2019-12-18,8:11:35
2019-12-19,8:11:18
2019-12-20,8:11:07
2019-12-21,8:11:02
2019-12-22,8:11:03
2019-12-23,8:11:10
2019-12-24,8:11:23
2019-12-25,8:11:41
2019-12-26,8:12:06
2019-12-27,8:12:36
2019-12-28,8:13:12
2019-12-29,8:13:54
2019-12-30,8:14:41
2019-12-31,8:15:34
2020-01-01,8:16:32
2020-01-02,8:17:37
2020-01-03,8:18:46
2020-01-04,8:20:01
2020-01-05,8:21:21
2020-01-06,8:22:46
2020-01-07,8:24:17
2020-01-08,8:25:52
2020-01-09,8:27:32
2020-01-10,8:29:17
2020-01-11,8:31:07
2020-01-12,8:33:01
2020-01-13,8:35:00
2020-01-14,8:37:03
2020-01-15,8:39:11
2020-01-16,8:41:22
2020-01-17,8:43:38
2020-01-18,8:45:57
2020-01-19,8:48:20
2020-01-20,8:50:47
2020-01-21,8:53:18
2020-01-22,8:55:52
2020-01-23,8:58:29
2020-01-24,9:01:09
2020-01-25,9:03:53
2020-01-26,9:06:39
2020-01-27,9:09:28
2020-01-28,9:12:20
2020-01-29,9:15:15
2020-01-30,9:18:12
2020-01-31,9:21:12
2020-02-01,9:24:14
2020-02-02,9:27:18
2020-02-03,9:30:25
2020-02-04,9:33:33
2020-02-05,9:36:43
2020-02-06,9:39:56
2020-02-07,9:43:10
2020-02-08,9:46:25
2020-02-09,9:49:42
2020-02-10,9:53:01
2020-02-11,9:56:22
2020-02-12,9:59:43
2020-02-13,10:03:06
2020-02-14,10:06:31
2020-02-15,10:09:56
2020-02-16,10:13:23
2020-02-17,10:16:51
2020-02-18,10:20:19
2020-02-19,10:23:49
2020-02-20,10:27:20
2020-02-21,10:30:51
2020-02-22,10:34:24
2020-02-23,10:37:57
2020-02-24,10:41:30
2020-02-25,10:45:05
2020-02-26,10:48:40
2020-02-27,10:52:15
2020-02-28,10:55:51
2020-02-29,10:59:28
2020-03-01,11:03:05
2020-03-02,11:06:42
2020-03-03,11:10:20
2020-03-04,11:13:58
2020-03-05,11:17:37
2020-03-06,11:21:15
2020-03-07,11:24:54
2020-03-08,11:28:33
2020-03-09,11:32:13
2020-03-10,11:35:52
2020-03-11,11:39:32
2020-03-12,11:43:12
2020-03-13,11:46:52
2020-03-14,11:50:32
2020-03-15,11:54:12
2020-03-16,11:57:53
2020-03-17,12:01:33
2020-03-18,12:05:13
2020-03-19,12:08:54
2020-03-20,12:12:34
2020-03-21,12:16:14
2020-03-22,12:19:54
2020-03-23,12:23:34
2020-03-24,12:27:14
2020-03-25,12:30:54
2020-03-26,12:34:34
2020-03-27,12:38:13
2020-03-28,12:41:52
2020-03-29,12:45:31
2020-03-30,12:49:10
2020-03-31,12:52:49
2020-04-01,12:56:27
2020-04-02,13:00:04
2020-04-03,13:03:42
2020-04-04,13:07:19
2020-04-05,13:10:55
2020-04-06,13:14:32
2020-04-07,13:18:07
2020-04-08,13:21:42
2020-04-09,13:25:17
2020-04-10,13:28:51
2020-04-11,13:32:24
2020-04-12,13:35:57
2020-04-13,13:39:30
2020-04-14,13:43:01
2020-04-15,13:46:32
2020-04-16,13:50:02
2020-04-17,13:53:31
2020-04-18,13:57:00
2020-04-19,14:00:27
2020-04-20,14:03:54
2020-04-21,14:07:20
2020-04-22,14:10:44
2020-04-23,14:14:08
2020-04-24,14:17:30
2020-04-25,14:20:51
2020-04-26,14:24:11
2020-04-27,14:27:29
2020-04-28,14:30:46
2020-04-29,14:34:02
2020-04-30,14:37:16
2020-05-01,14:40:28
2020-05-02,14:43:39
2020-05-03,14:46:47
2020-05-04,14:49:55
2020-05-05,14:53:00
2020-05-06,14:56:03
2020-05-07,14:59:04
2020-05-08,15:02:03
2020-05-09,15:05:00
2020-05-10,15:07:54
2020-05-11,15:10:46
2020-05-12,15:13:36
2020-05-13,15:16:23
2020-05-14,15:19:08
2020-05-15,15:21:49
2020-05-16,15:24:28
2020-05-17,15:27:04
2020-05-18,15:29:37
2020-05-19,15:32:07
2020-05-20,15:34:33
2020-05-21,15:36:56
2020-05-22,15:39:16
2020-05-23,15:41:32
2020-05-24,15:43:45
2020-05-25,15:45:54
2020-05-26,15:47:59
2020-05-27,15:49:59
2020-05-28,15:51:56
2020-05-29,15:53:49
2020-05-30,15:55:37
2020-05-31,15:57:22
2020-06-01,15:59:01
2020-06-02,16:00:36
2020-06-03,16:02:07
2020-06-04,16:03:33
2020-06-05,16:04:54
2020-06-06,16:06:10
2020-06-07,16:07:22
2020-06-08,16:08:28
2020-06-09,16:09:29
2020-06-10,16:10:26
2020-06-11,16:11:17
2020-06-12,16:12:03
2020-06-13,16:12:43
2020-06-14,16:13:19
2020-06-15,16:13:49
2020-06-16,16:14:14
2020-06-17,16:14:33
2020-06-18,16:14:47
2020-06-19,16:14:55
2020-06-20,16:14:58
2020-06-21,16:14:56
2020-06-22,16:14:48
2020-06-23,16:14:35
2020-06-24,16:14:16
2020-06-25,16:13:52
2020-06-26,16:13:23
2020-06-27,16:12:48
2020-06-28,16:12:08
2020-06-29,16:11:23
2020-06-30,16:10:32
2020-07-01,16:09:37
2020-07-02,16:08:36
2020-07-03,16:07:31
2020-07-04,16:06:20
2020-07-05,16:05:05
2020-07-06,16:03:45
2020-07-07,16:02:20
2020-07-08,16:00:50
2020-07-09,15:59:16
2020-07-10,15:57:38
2020-07-11,15:55:55
2020-07-12,15:54:08
2020-07-13,15:52:16
2020-07-14,15:50:21
2020-07-15,15:48:22
2020-07-16,15:46:18
2020-07-17,15:44:11
2020-07-18,15:42:00
2020-07-19,15:39:46
2020-07-20,15:37:28
2020-07-21,15:35:07
2020-07-22,15:32:42
2020-07-23,15:30:14
2020-07-24,15:27:44
2020-07-25,15:25:10
2020-07-26,15:22:33
2020-07-27,15:19:53
2020-07-28,15:17:11
2020-07-29,15:14:26
2020-07-30,15:11:39
2020-07-31,15:08:49
2020-08-01,15:05:57
2020-08-02,15:03:03
2020-08-03,15:00:06
2020-08-04,14:57:08
2020-08-05,14:54:07
2020-08-06,14:51:05
2020-08-07,14:48:00
2020-08-08,14:44:54
2020-08-09,14:41:47
2020-08-10,14:38:37
2020-08-11,14:35:26
2020-08-12,14:32:14
2020-08-13,14:29:00
2020-08-14,14:25:44
2020-08-15,14:22:28
2020-08-16,14:19:10
2020-08-17,14:15:51
2020-08-18,14:12:30
2020-08-19,14:09:09
2020-08-20,14:05:47
2020-08-21,14:02:23
2020-08-22,13:58:59
2020-08-23,13:55:34
2020-08-24,13:52:08
2020-08-25,13:48:41
2020-08-26,13:45:14
2020-08-27,13:41:46
2020-08-28,13:38:17
2020-08-29,13:34:47
2020-08-30,13:31:17
2020-08-31,13:27:46
2020-09-01,13:24:15
2020-09-02,13:20:44
2020-09-03,13:17:11
2020-09-04,13:13:39
2020-09-05,13:10:06
2020-09-06,13:06:32
2020-09-07,13:02:58
2020-09-08,12:59:24
2020-09-09,12:55:50
2020-09-10,12:52:15
2020-09-11,12:48:40
2020-09-12,12:45:04
2020-09-13,12:41:29
2020-09-14,12:37:53
2020-09-15,12:34:17
2020-09-16,12:30:40
2020-09-17,12:27:04
2020-09-18,12:23:27
2020-09-19,12:19:50
2020-09-20,12:16:14
2020-09-21,12:12:37
2020-09-22,12:09:00
2020-09-23,12:05:23
2020-09-24,12:01:46
2020-09-25,11:58:09
2020-09-26,11:54:32
2020-09-27,11:50:55
2020-09-28,11:47:18
2020-09-29,11:43:42
2020-09-30,11:40:05
2020-10-01,11:36:29
2020-10-02,11:32:52
2020-10-03,11:29:16
2020-10-04,11:25:40
2020-10-05,11:22:05
2020-10-06,11:18:29
2020-10-07,11:14:54
2020-10-08,11:11:19
2020-10-09,11:07:44
2020-10-10,11:04:10
2020-10-11,11:00:36
2020-10-12,10:57:02
2020-10-13,10:53:29
2020-10-14,10:49:57
2020-10-15,10:46:24
2020-10-16,10:42:53
2020-10-17,10:39:22
2020-10-18,10:35:51
2020-10-19,10:32:22
2020-10-20,10:28:53
2020-10-21,10:25:24
2020-10-22,10:21:57
2020-10-23,10:18:31
2020-10-24,10:15:05
2020-10-25,10:11:40
2020-10-26,10:08:17
2020-10-27,10:04:55
2020-10-28,10:01:33
2020-10-29,9:58:14
2020-10-30,9:54:55
2020-10-31,9:51:38
2020-11-01,9:48:22
2020-11-02,9:45:07
2020-11-03,9:41:55
2020-11-04,9:38:43
2020-11-05,9:35:34
2020-11-06,9:32:27
2020-11-07,9:29:21
2020-11-08,9:26:17
2020-11-09,9:23:16
2020-11-10,9:20:16
2020-11-11,9:17:19
2020-11-12,9:14:24
2020-11-13,9:11:32
2020-11-14,9:08:42
2020-11-15,9:05:55
2020-11-16,9:03:11
2020-11-17,9:00:29
2020-11-18,8:57:51
2020-11-19,8:55:16
2020-11-20,8:52:44
2020-11-21,8:50:15
2020-11-22,8:47:50
2020-11-23,8:45:29
2020-11-24,8:43:11
2020-11-25,8:40:57
2020-11-26,8:38:48
2020-11-27,8:36:42
2020-11-28,8:34:40
2020-11-29,8:32:43
2020-11-30,8:30:50
2020-12-01,8:29:01
2020-12-02,8:27:18
2020-12-03,8:25:39
2020-12-04,8:24:04
2020-12-05,8:22:35
2020-12-06,8:21:11
2020-12-07,8:19:51
2020-12-08,8:18:38
2020-12-09,8:17:29
2020-12-10,8:16:26
2020-12-11,8:15:28
2020-12-12,8:14:35
2020-12-13,8:13:49
2020-12-14,8:13:07
2020-12-15,8:12:32
2020-12-16,8:12:02
2020-12-17,8:11:39
2020-12-18,8:11:21
2020-12-19,8:11:08
2020-12-20,8:11:02
2020-12-21,8:11:02
2020-12-22,8:11:07
2020-12-23,8:11:18
2020-12-24,8:11:36
2020-12-25,8:11:59
2020-12-26,8:12:27
2020-12-27,8:13:02
2020-12-28,8:13:42
2020-12-29,8:14:28
2020-12-30,8:15:20
2020-12-31,8:16:17
2021-01-01,8:17:20
2021-01-02,8:18:28
2021-01-03,8:19:42
2021-01-04,8:21:01
2021-01-05,8:22:25
2021-01-06,8:23:54
2021-01-07,8:25:28
2021-01-08,8:27:07
2021-01-09,8:28:51
2021-01-10,8:30:40
2021-01-11,8:32:33
2021-01-12,8:34:31
2021-01-13,8:36:33
2021-01-14,8:38:39
2021-01-15,8:40:50
2021-01-16,8:43:04
2021-01-17,8:45:23
2021-01-18,8:47:45
2021-01-19,8:50:11
2021-01-20,8:52:41
2021-01-21,8:55:14
2021-01-22,8:57:50
2021-01-23,9:00:30
2021-01-24,9:03:12
2021-01-25,9:05:58
2021-01-26,9:08:46
2021-01-27,9:11:38
2021-01-28,9:14:32
2021-01-29,9:17:28
2021-01-30,9:20:27
2021-01-31,9:23:29
2021-02-01,9:26:32
2021-02-02,9:29:38
2021-02-03,9:32:46
2021-02-04,9:35:56
2021-02-05,9:39:08
2021-02-06,9:42:21
2021-02-07,9:45:37
2021-02-08,9:48:54
2021-02-09,9:52:12
2021-02-10,9:55:32
2021-02-11,9:58:54
2021-02-12,10:02:17
2021-02-13,10:05:41
2021-02-14,10:09:06
2021-02-15,10:12:33
2021-02-16,10:16:00
2021-02-17,10:19:29
2021-02-18,10:22:58
2021-02-19,10:26:29
2021-02-20,10:30:00
2021-02-21,10:33:32
2021-02-22,10:37:05
2021-02-23,10:40:38
2021-02-24,10:44:12
2021-02-25,10:47:47
2021-02-26,10:51:22
2021-02-27,10:54:58
2021-02-28,10:58:34
2021-03-01,11:02:11
2021-03-02,11:05:48
2021-03-03,11:09:26
2021-03-04,11:13:04
2021-03-05,11:16:42
2021-03-06,11:20:21
2021-03-07,11:24:00
2021-03-08,11:27:39
2021-03-09,11:31:19
2021-03-10,11:34:58
2021-03-11,11:38:38
2021-03-12,11:42:18
2021-03-13,11:45:58
2021-03-14,11:49:39
2021-03-15,11:53:19
2021-03-16,11:56:59
2021-03-17,12:00:40
2021-03-18,12:04:20
2021-03-19,12:08:00
2021-03-20,12:11:41
2021-03-21,12:15:21
2021-03-22,12:19:01
2021-03-23,12:22:41
2021-03-24,12:26:21
2021-03-25,12:30:01
2021-03-26,12:33:40
2021-03-27,12:37:20
2021-03-28,12:40:59
2021-03-29,12:44:38
2021-03-30,12:48:16
2021-03-31,12:51:55
2021-04-01,12:55:33
2021-04-02,12:59:11
2021-04-03,13:02:48
2021-04-04,13:06:25
2021-04-05,13:10:02
2021-04-06,13:13:38
2021-04-07,13:17:14
2021-04-08,13:20:50
2021-04-09,13:24:25
2021-04-10,13:27:59
2021-04-11,13:31:33
2021-04-12,13:35:06
2021-04-13,13:38:38
2021-04-14,13:42:10
2021-04-15,13:45:41
2021-04-16,13:49:12
2021-04-17,13:52:41
2021-04-18,13:56:10
2021-04-19,13:59:38
2021-04-20,14:03:04
2021-04-21,14:06:30
2021-04-22,14:09:55
2021-04-23,14:13:18
2021-04-24,14:16:41
2021-04-25,14:20:02
2021-04-26,14:23:22
2021-04-27,14:26:41
2021-04-28,14:29:58
2021-04-29,14:33:14
2021-04-30,14:36:28
2021-05-01,14:39:41
2021-05-02,14:42:52
2021-05-03,14:46:01
2021-05-04,14:49:09
2021-05-05,14:52:14
2021-05-06,14:55:18
2021-05-07,14:58:20
2021-05-08,15:01:20
2021-05-09,15:04:17
2021-05-10,15:07:12
2021-05-11,15:10:05
2021-05-12,15:12:56
2021-05-13,15:15:44
2021-05-14,15:18:29
2021-05-15,15:21:11
2021-05-16,15:23:51
2021-05-17,15:26:27
2021-05-18,15:29:01
2021-05-19,15:31:32
2021-05-20,15:33:59
2021-05-21,15:36:23
2021-05-22,15:38:43
2021-05-23,15:41:00
2021-05-24,15:43:13
2021-05-25,15:45:23
2021-05-26,15:47:29
2021-05-27,15:49:30
2021-05-28,15:51:28
2021-05-29,15:53:22
2021-05-30,15:55:11
2021-05-31,15:56:57
2021-06-01,15:58:37
2021-06-02,16:00:14
2021-06-03,16:01:46
2021-06-04,16:03:13
2021-06-05,16:04:35
2021-06-06,16:05:53
2021-06-07,16:07:05
2021-06-08,16:08:13
2021-06-09,16:09:16
2021-06-10,16:10:13
2021-06-11,16:11:06
2021-06-12,16:11:53
2021-06-13,16:12:35
2021-06-14,16:13:12
2021-06-15,16:13:43
2021-06-16,16:14:09
2021-06-17,16:14:30
2021-06-18,16:14:45
2021-06-19,16:14:54
2021-06-20,16:14:59
2021-06-21,16:14:58
2021-06-22,16:14:51
2021-06-23,16:14:39
2021-06-24,16:14:22
2021-06-25,16:13:59
2021-06-26,16:13:31
2021-06-27,16:12:57
2021-06-28,16:12:19
2021-06-29,16:11:35
2021-06-30,16:10:46
2021-07-01,16:09:52
2021-07-02,16:08:52
2021-07-03,16:07:48
2021-07-04,16:06:39
2021-07-05,16:05:24
2021-07-06,16:04:05
2021-07-07,16:02:42
2021-07-08,16:01:13
2021-07-09,15:59:40
2021-07-10,15:58:03
2021-07-11,15:56:21
2021-07-12,15:54:35
2021-07-13,15:52:44
2021-07-14,15:50:50
2021-07-15,15:48:51
2021-07-16,15:46:49
2021-07-17,15:44:43
2021-07-18,15:42:33
2021-07-19,15:40:19
2021-07-20,15:38:02
2021-07-21,15:35:42
2021-07-22,15:33:18
2021-07-23,15:30:51
2021-07-24,15:28:21
2021-07-25,15:25:48
2021-07-26,15:23:12
2021-07-27,15:20:33
2021-07-28,15:17:52
2021-07-29,15:15:07
2021-07-30,15:12:21
2021-07-31,15:09:32
2021-08-01,15:06:40
2021-08-02,15:03:46
2021-08-03,15:00:50
2021-08-04,14:57:52
2021-08-05,14:54:52
2021-08-06,14:51:50
2021-08-07,14:48:46
2021-08-08,14:45:40
2021-08-09,14:42:32
2021-08-10,14:39:23
2021-08-11,14:36:12
2021-08-12,14:33:00
2021-08-13,14:29:46
2021-08-14,14:26:31
2021-08-15,14:23:15
2021-08-16,14:19:57
2021-08-17,14:16:39
2021-08-18,14:13:19
2021-08-19,14:09:58
2021-08-20,14:06:36
2021-08-21,14:03:13
2021-08-22,13:59:49
2021-08-23,13:56:24
2021-08-24,13:52:58
2021-08-25,13:49:32
2021-08-26,13:46:05
2021-08-27,13:42:37
2021-08-28,13:39:08
2021-08-29,13:35:39
2021-08-30,13:32:09
2021-08-31,13:28:38
2021-09-01,13:25:07
2021-09-02,13:21:35
2021-09-03,13:18:03
2021-09-04,13:14:31
2021-09-05,13:10:57
2021-09-06,13:07:24
2021-09-07,13:03:50
2021-09-08,13:00:16
2021-09-09,12:56:41
2021-09-10,12:53:06
2021-09-11,12:49:31
2021-09-12,12:45:56
2021-09-13,12:42:20
2021-09-14,12:38:44
2021-09-15,12:35:08
2021-09-16,12:31:32
2021-09-17,12:27:56
2021-09-18,12:24:19
2021-09-19,12:20:43
2021-09-20,12:17:06
2021-09-21,12:13:29
2021-09-22,12:09:52
2021-09-23,12:06:16
2021-09-24,12:02:39
2021-09-25,11:59:02
2021-09-26,11:55:25
2021-09-27,11:51:48
2021-09-28,11:48:11
2021-09-29,11:44:35
2021-09-30,11:40:58
2021-10-01,11:37:21
2021-10-02,11:33:45
2021-10-03,11:30:09
2021-10-04,11:26:32
2021-10-05,11:22:56
2021-10-06,11:19:21
2021-10-07,11:15:45
2021-10-08,11:12:10
2021-10-09,11:08:35
2021-10-10,11:05:01
2021-10-11,11:01:27
2021-10-12,10:57:53
2021-10-13,10:54:20
2021-10-14,10:50:47
2021-10-15,10:47:15
2021-10-16,10:43:43
2021-10-17,10:40:12
2021-10-18,10:36:42
2021-10-19,10:33:12
2021-10-20,10:29:43
2021-10-21,10:26:15
2021-10-22,10:22:47
2021-10-23,10:19:21
2021-10-24,10:15:55
2021-10-25,10:12:30
2021-10-26,10:09:07
2021-10-27,10:05:44
2021-10-28,10:02:23
2021-10-29,9:59:02
2021-10-30,9:55:43
2021-10-31,9:52:25
2021-11-01,9:49:09
2021-11-02,9:45:54
2021-11-03,9:42:41
2021-11-04,9:39:29
2021-11-05,9:36:19
2021-11-06,9:33:11
2021-11-07,9:30:05
2021-11-08,9:27:00
2021-11-09,9:23:58
2021-11-10,9:20:58
2021-11-11,9:18:00
2021-11-12,9:15:05
2021-11-13,9:12:12
2021-11-14,9:09:22
2021-11-15,9:06:34
2021-11-16,9:03:50
2021-11-17,9:01:08
2021-11-18,8:58:29
2021-11-19,8:55:53
2021-11-20,8:53:21
2021-11-21,8:50:51
2021-11-22,8:48:25
2021-11-23,8:46:03
2021-11-24,8:43:45
2021-11-25,8:41:30
2021-11-26,8:39:19
2021-11-27,8:37:12
2021-11-28,8:35:09
2021-11-29,8:33:11
2021-11-30,8:31:17
2021-12-01,8:29:27
2021-12-02,8:27:42
2021-12-03,8:26:02
2021-12-04,8:24:26
2021-12-05,8:22:56
2021-12-06,8:21:30
2021-12-07,8:20:09
2021-12-08,8:18:54
2021-12-09,8:17:44
2021-12-10,8:16:40
2021-12-11,8:15:40
2021-12-12,8:14:47
2021-12-13,8:13:59
2021-12-14,8:13:16
2021-12-15,8:12:40
2021-12-16,8:12:09
2021-12-17,8:11:43
2021-12-18,8:11:24
2021-12-19,8:11:10
2021-12-20,8:11:03
2021-12-21,8:11:01
2021-12-22,8:11:05
2021-12-23,8:11:15
2021-12-24,8:11:30
2021-12-25,8:11:52
2021-12-26,8:12:19
2021-12-27,8:12:52
2021-12-28,8:13:31
2021-12-29,8:14:16
2021-12-30,8:15:06
2021-12-31,8:16:02
2022-01-01,8:17:03
2022-01-02,8:18:10
2022-01-03,8:19:23
2022-01-04,8:20:40
2022-01-05,8:22:03
2022-01-06,8:23:31
2022-01-07,8:25:04
2022-01-08,8:26:42
2022-01-09,8:28:25
2022-01-10,8:30:12
2022-01-11,8:32:04
2022-01-12,8:34:01
2022-01-13,8:36:02
2022-01-14,8:38:07
2022-01-15,8:40:17
2022-01-16,8:42:30
2022-01-17,8:44:48
2022-01-18,8:47:09
2022-01-19,8:49:34
2022-01-20,8:52:03
2022-01-21,8:54:35
2022-01-22,8:57:10
2022-01-23,8:59:49
2022-01-24,9:02:31
2022-01-25,9:05:16
2022-01-26,9:08:04
2022-01-27,9:10:54
2022-01-28,9:13:48
2022-01-29,9:16:44
2022-01-30,9:19:42
2022-01-31,9:22:43
2022-02-01,9:25:47
2022-02-02,9:28:52
2022-02-03,9:31:59
2022-02-04,9:35:09
2022-02-05,9:38:20
2022-02-06,9:41:34
2022-02-07,9:44:49
2022-02-08,9:48:05
2022-02-09,9:51:23
2022-02-10,9:54:43
2022-02-11,9:58:04
2022-02-12,10:01:27
2022-02-13,10:04:50
2022-02-14,10:08:15
2022-02-15,10:11:41
2022-02-16,10:15:08
2022-02-17,10:18:37
2022-02-18,10:22:06
2022-02-19,10:25:36
2022-02-20,10:29:07
2022-02-21,10:32:39
2022-02-22,10:36:11
2022-02-23,10:39:45
2022-02-24,10:43:19
2022-02-25,10:46:53
2022-02-26,10:50:29
2022-02-27,10:54:04
2022-02-28,10:57:41
2022-03-01,11:01:18
2022-03-02,11:04:55
2022-03-03,11:08:33
2022-03-04,11:12:11
2022-03-05,11:15:49
2022-03-06,11:19:28
2022-03-07,11:23:07
2022-03-08,11:26:46
2022-03-09,11:30:25
2022-03-10,11:34:05
2022-03-11,11:37:45
2022-03-12,11:41:25
2022-03-13,11:45:05
2022-03-14,11:48:45
2022-03-15,11:52:25
2022-03-16,11:56:05
2022-03-17,11:59:46
2022-03-18,12:03:26
2022-03-19,12:07:06
2022-03-20,12:10:46
2022-03-21,12:14:26
2022-03-22,12:18:06
2022-03-23,12:21:47
2022-03-24,12:25:26
2022-03-25,12:29:06
2022-03-26,12:32:46
2022-03-27,12:36:26
2022-03-28,12:40:05
2022-03-29,12:43:44
2022-03-30,12:47:23
2022-03-31,12:51:02
2022-04-01,12:54:40
2022-04-02,12:58:18
2022-04-03,13:01:56
2022-04-04,13:05:33
2022-04-05,13:09:10
2022-04-06,13:12:47
2022-04-07,13:16:23
2022-04-08,13:19:58
2022-04-09,13:23:33
2022-04-10,13:27:08
2022-04-11,13:30:42
2022-04-12,13:34:15
2022-04-13,13:37:47
2022-04-14,13:41:19
2022-04-15,13:44:51
2022-04-16,13:48:21
2022-04-17,13:51:50
2022-04-18,13:55:19
2022-04-19,13:58:47
2022-04-20,14:02:14
2022-04-21,14:05:40
2022-04-22,14:09:05
2022-04-23,14:12:29
2022-04-24,14:15:52
2022-04-25,14:19:14
2022-04-26,14:22:34
2022-04-27,14:25:53
2022-04-28,14:29:11
2022-04-29,14:32:27
2022-04-30,14:35:42
2022-05-01,14:38:55
2022-05-02,14:42:07
2022-05-03,14:45:17
2022-05-04,14:48:25
2022-05-05,14:51:31
2022-05-06,14:54:36
2022-05-07,14:57:38
2022-05-08,15:00:38
2022-05-09,15:03:36
2022-05-10,15:06:32
2022-05-11,15:09:25
2022-05-12,15:12:16
2022-05-13,15:15:04
2022-05-14,15:17:50
2022-05-15,15:20:33
2022-05-16,15:23:13
2022-05-17,15:25:50
2022-05-18,15:28:25
2022-05-19,15:30:56
2022-05-20,15:33:24
2022-05-21,15:35:49
2022-05-22,15:38:10
2022-05-23,15:40:28
2022-05-24,15:42:42
2022-05-25,15:44:53
2022-05-26,15:47:00
2022-05-27,15:49:02
2022-05-28,15:51:01
2022-05-29,15:52:56
2022-05-30,15:54:47
2022-05-31,15:56:33
2022-06-01,15:58:15
2022-06-02,15:59:52
2022-06-03,16:01:25
2022-06-04,16:02:54
2022-06-05,16:04:17
2022-06-06,16:05:36
2022-06-07,16:06:49
2022-06-08,16:07:58
2022-06-09,16:09:02
2022-06-10,16:10:01
2022-06-11,16:10:54
2022-06-12,16:11:43
2022-06-13,16:12:26
2022-06-14,16:13:04
2022-06-15,16:13:36
2022-06-16,16:14:04
2022-06-17,16:14:25
2022-06-18,16:14:42
2022-06-19,16:14:53
2022-06-20,16:14:59
2022-06-21,16:14:59
2022-06-22,16:14:54
2022-06-23,16:14:43
2022-06-24,16:14:27
2022-06-25,16:14:05
2022-06-26,16:13:39
2022-06-27,16:13:06
2022-06-28,16:12:29
2022-06-29,16:11:46
2022-06-30,16:10:58
2022-07-01,16:10:05
2022-07-02,16:09:07
2022-07-03,16:08:04
2022-07-04,16:06:56
2022-07-05,16:05:42
2022-07-06,16:04:25
2022-07-07,16:03:02
2022-07-08,16:01:34
2022-07-09,16:00:02
2022-07-10,15:58:26
2022-07-11,15:56:45
2022-07-12,15:55:00
2022-07-13,15:53:11
2022-07-14,15:51:17
2022-07-15,15:49:20
2022-07-16,15:47:18
2022-07-17,15:45:13
2022-07-18,15:43:04
2022-07-19,15:40:51
2022-07-20,15:38:35
2022-07-21,15:36:16
2022-07-22,15:33:53
2022-07-23,15:31:26
2022-07-24,15:28:57
2022-07-25,15:26:25
2022-07-26,15:23:49
2022-07-27,15:21:11
2022-07-28,15:18:30
2022-07-29,15:15:46
2022-07-30,15:13:00
2022-07-31,15:10:11
2022-08-01,15:07:20
2022-08-02,15:04:27
2022-08-03,15:01:31
2022-08-04,14:58:34
2022-08-05,14:55:34
2022-08-06,14:52:32
2022-08-07,14:49:29
2022-08-08,14:46:23
2022-08-09,14:43:16
2022-08-10,14:40:08
2022-08-11,14:36:58
2022-08-12,14:33:46
2022-08-13,14:30:33
2022-08-14,14:27:18
2022-08-15,14:24:02
2022-08-16,14:20:45
2022-08-17,14:17:26
2022-08-18,14:14:07
2022-08-19,14:10:46
2022-08-20,14:07:24
2022-08-21,14:04:01
2022-08-22,14:00:38
2022-08-23,13:57:13
2022-08-24,13:53:47
2022-08-25,13:50:21
2022-08-26,13:46:54
2022-08-27,13:43:26
2022-08-28,13:39:57
2022-08-29,13:36:28
2022-08-30,13:32:58
2022-08-31,13:29:27
2022-09-01,13:25:56
2022-09-02,13:22:25
2022-09-03,13:18:53
2022-09-04,13:15:20
2022-09-05,13:11:47
2022-09-06,13:08:14
2022-09-07,13:04:40
2022-09-08,13:01:06
2022-09-09,12:57:32
2022-09-10,12:53:57
2022-09-11,12:50:22
2022-09-12,12:46:47
2022-09-13,12:43:12
2022-09-14,12:39:36
2022-09-15,12:36:00
2022-09-16,12:32:24
2022-09-17,12:28:48
2022-09-18,12:25:11
2022-09-19,12:21:35
2022-09-20,12:17:58
2022-09-21,12:14:21
2022-09-22,12:10:44
2022-09-23,12:07:07
2022-09-24,12:03:30
2022-09-25,11:59:53
2022-09-26,11:56:16
2022-09-27,11:52:39
2022-09-28,11:49:02
2022-09-29,11:45:26
2022-09-30,11:41:49
2022-10-01,11:38:12
2022-10-02,11:34:36
2022-10-03,11:30:59
2022-10-04,11:27:23
2022-10-05,11:23:47
2022-10-06,11:20:12
2022-10-07,11:16:36
2022-10-08,11:13:01
2022-10-09,11:09:27
2022-10-10,11:05:52
2022-10-11,11:02:18
2022-10-12,10:58:44
2022-10-13,10:55:11
2022-10-14,10:51:38
2022-10-15,10:48:06
2022-10-16,10:44:34
2022-10-17,10:41:03
2022-10-18,10:37:33
2022-10-19,10:34:03
2022-10-20,10:30:33
2022-10-21,10:27:05
2022-10-22,10:23:37
2022-10-23,10:20:10
2022-10-24,10:16:44
2022-10-25,10:13:19
2022-10-26,10:09:55
2022-10-27,10:06:32
2022-10-28,10:03:10
2022-10-29,9:59:49
2022-10-30,9:56:30
2022-10-31,9:53:12
2022-11-01,9:49:55
2022-11-02,9:46:40
2022-11-03,9:43:26
2022-11-04,9:40:14
2022-11-05,9:37:04
2022-11-06,9:33:56
2022-11-07,9:30:49
2022-11-08,9:27:45
2022-11-09,9:24:42
2022-11-10,9:21:42
2022-11-11,9:18:44
2022-11-12,9:15:48
2022-11-13,9:12:54
2022-11-14,9:10:03
2022-11-15,9:07:15
2022-11-16,9:04:30
2022-11-17,9:01:47
2022-11-18,8:59:07
2022-11-19,8:56:30
2022-11-20,8:53:57
2022-11-21,8:51:27
2022-11-22,8:49:00
2022-11-23,8:46:37
2022-11-24,8:44:17
2022-11-25,8:42:01
2022-11-26,8:39:49
2022-11-27,8:37:41
2022-11-28,8:35:38
2022-11-29,8:33:38
2022-11-30,8:31:43
2022-12-01,8:29:52
2022-12-02,8:28:06
2022-12-03,8:26:25
2022-12-04,8:24:48
2022-12-05,8:23:17
2022-12-06,8:21:50
2022-12-07,8:20:28
2022-12-08,8:19:12
2022-12-09,8:18:01
2022-12-10,8:16:55
2022-12-11,8:15:54
2022-12-12,8:14:59
2022-12-13,8:14:10
2022-12-14,8:13:26
2022-12-15,8:12:48
2022-12-16,8:12:15
2022-12-17,8:11:49
2022-12-18,8:11:28
2022-12-19,8:11:13
2022-12-20,8:11:04
2022-12-21,8:11:00
2022-12-22,8:11:03
2022-12-23,8:11:11
2022-12-24,8:11:26
2022-12-25,8:11:46
2022-12-26,8:12:12
2022-12-27,8:12:43
2022-12-28,8:13:21
2022-12-29,8:14:04
2022-12-30,8:14:53
2022-12-31,8:15:48
2023-01-01,8:16:48
2023-01-02,8:17:53
2023-01-03,8:19:04
2023-01-04,8:20:21
2023-01-05,8:21:42
2023-01-06,8:23:09
2023-01-07,8:24:41
2023-01-08,8:26:17
2023-01-09,8:27:59
2023-01-10,8:29:45
2023-01-11,8:31:36
2023-01-12,8:33:31
2023-01-13,8:35:31
2023-01-14,8:37:36
2023-01-15,8:39:44
2023-01-16,8:41:57
2023-01-17,8:44:13
2023-01-18,8:46:34
2023-01-19,8:48:58
2023-01-20,8:51:26
2023-01-21,8:53:57
2023-01-22,8:56:32
2023-01-23,8:59:10
2023-01-24,9:01:51
2023-01-25,9:04:36
2023-01-26,9:07:23
2023-01-27,9:10:13
2023-01-28,9:13:06
2023-01-29,9:16:01
2023-01-30,9:18:59
2023-01-31,9:21:59
2023-02-01,9:25:02
2023-02-02,9:28:07
2023-02-03,9:31:13
2023-02-04,9:34:22
2023-02-05,9:37:33
2023-02-06,9:40:46
2023-02-07,9:44:00
2023-02-08,9:47:16
2023-02-09,9:50:34
2023-02-10,9:53:53
2023-02-11,9:57:14
2023-02-12,10:00:36
2023-02-13,10:04:00
2023-02-14,10:07:24
2023-02-15,10:10:50
2023-02-16,10:14:17
2023-02-17,10:17:45
2023-02-18,10:21:14
2023-02-19,10:24:44
2023-02-20,10:28:15
2023-02-21,10:31:47
2023-02-22,10:35:20
2023-02-23,10:38:53
2023-02-24,10:42:27
2023-02-25,10:46:01
2023-02-26,10:49:37
2023-02-27,10:53:12
2023-02-28,10:56:48
2023-03-01,11:00:25
2023-03-02,11:04:02
2023-03-03,11:07:40
2023-03-04,11:11:17
2023-03-05,11:14:56
2023-03-06,11:18:34
2023-03-07,11:22:13
2023-03-08,11:25:52
2023-03-09,11:29:31
2023-03-10,11:33:11
2023-03-11,11:36:50
2023-03-12,11:40:30
2023-03-13,11:44:10
2023-03-14,11:47:50
2023-03-15,11:51:31
2023-03-16,11:55:11
2023-03-17,11:58:51
2023-03-18,12:02:32
2023-03-19,12:06:12
2023-03-20,12:09:52
2023-03-21,12:13:33
2023-03-22,12:17:13
2023-03-23,12:20:53
2023-03-24,12:24:34
2023-03-25,12:28:13
2023-03-26,12:31:53
2023-03-27,12:35:33
2023-03-28,12:39:12
2023-03-29,12:42:51
2023-03-30,12:46:30
2023-03-31,12:50:09
2023-04-01,12:53:47
2023-04-02,12:57:25
2023-04-03,13:01:03
2023-04-04,13:04:40
2023-04-05,13:08:17
2023-04-06,13:11:53
2023-04-07,13:15:29
2023-04-08,13:19:05
2023-04-09,13:22:40
2023-04-10,13:26:15
2023-04-11,13:29:49
2023-04-12,13:33:22
2023-04-13,13:36:55
2023-04-14,13:40:27
2023-04-15,13:43:59
2023-04-16,13:47:29
2023-04-17,13:50:59
2023-04-18,13:54:29
2023-04-19,13:57:57
2023-04-20,14:01:24
2023-04-21,14:04:51
2023-04-22,14:08:16
2023-04-23,14:11:40
2023-04-24,14:15:04
2023-04-25,14:18:26
2023-04-26,14:21:46
2023-04-27,14:25:06
2023-04-28,14:28:24
2023-04-29,14:31:40
2023-04-30,14:34:55
2023-05-01,14:38:09
2023-05-02,14:41:21
2023-05-03,14:44:31
2023-05-04,14:47:39
2023-05-05,14:50:46
2023-05-06,14:53:51
2023-05-07,14:56:53
2023-05-08,14:59:54
2023-05-09,15:02:52
2023-05-10,15:05:49
2023-05-11,15:08:43
2023-05-12,15:11:34
2023-05-13,15:14:23
2023-05-14,15:17:10
2023-05-15,15:19:54
2023-05-16,15:22:35
2023-05-17,15:25:13
2023-05-18,15:27:48
2023-05-19,15:30:20
2023-05-20,15:32:49
2023-05-21,15:35:15
2023-05-22,15:37:37
2023-05-23,15:39:56
2023-05-24,15:42:11
2023-05-25,15:44:22
2023-05-26,15:46:30
2023-05-27,15:48:34
2023-05-28,15:50:34
2023-05-29,15:52:29
2023-05-30,15:54:21
2023-05-31,15:56:08
2023-06-01,15:57:51
2023-06-02,15:59:29
2023-06-03,16:01:03
2023-06-04,16:02:32
2023-06-05,16:03:57
2023-06-06,16:05:17
2023-06-07,16:06:32
2023-06-08,16:07:42
2023-06-09,16:08:47
2023-06-10,16:09:47
2023-06-11,16:10:42
2023-06-12,16:11:32
2023-06-13,16:12:16
2023-06-14,16:12:56
2023-06-15,16:13:29
2023-06-16,16:13:58
2023-06-17,16:14:21
2023-06-18,16:14:39
2023-06-19,16:14:51
2023-06-20,16:14:58
2023-06-21,16:15:00
2023-06-22,16:14:56
2023-06-23,16:14:46
2023-06-24,16:14:32
2023-06-25,16:14:11
2023-06-26,16:13:46
2023-06-27,16:13:15
2023-06-28,16:12:39
2023-06-29,16:11:57
2023-06-30,16:11:10
2023-07-01,16:10:19
2023-07-02,16:09:22
2023-07-03,16:08:20
2023-07-04,16:07:13
2023-07-05,16:06:01
2023-07-06,16:04:44
2023-07-07,16:03:23
2023-07-08,16:01:56
2023-07-09,16:00:26
2023-07-10,15:58:50
2023-07-11,15:57:11
2023-07-12,15:55:27
2023-07-13,15:53:38
2023-07-14,15:51:46
2023-07-15,15:49:49
2023-07-16,15:47:48
2023-07-17,15:45:44
2023-07-18,15:43:36
2023-07-19,15:41:24
2023-07-20,15:39:08
2023-07-21,15:36:50
2023-07-22,15:34:27
2023-07-23,15:32:02
2023-07-24,15:29:33
2023-07-25,15:27:01
2023-07-26,15:24:27
2023-07-27,15:21:49
2023-07-28,15:19:09
2023-07-29,15:16:26
2023-07-30,15:13:40
2023-07-31,15:10:52
2023-08-01,15:08:02
2023-08-02,15:05:09
2023-08-03,15:02:15
2023-08-04,14:59:17
2023-08-05,14:56:18
2023-08-06,14:53:17
2023-08-07,14:50:14
2023-08-08,14:47:09
2023-08-09,14:44:03
2023-08-10,14:40:54
2023-08-11,14:37:44
2023-08-12,14:34:33
2023-08-13,14:31:20
2023-08-14,14:28:06
2023-08-15,14:24:50
2023-08-16,14:21:33
2023-08-17,14:18:14
2023-08-18,14:14:55
2023-08-19,14:11:34
2023-08-20,14:08:13
2023-08-21,14:04:50
2023-08-22,14:01:27
2023-08-23,13:58:02
2023-08-24,13:54:37
2023-08-25,13:51:11
2023-08-26,13:47:44
2023-08-27,13:44:16
2023-08-28,13:40:48
2023-08-29,13:37:19
2023-08-30,13:33:49
2023-08-31,13:30:19
2023-09-01,13:26:48
2023-09-02,13:23:17
2023-09-03,13:19:45
2023-09-04,13:16:13
2023-09-05,13:12:40
2023-09-06,13:09:07
2023-09-07,13:05:33
2023-09-08,13:01:59
2023-09-09,12:58:25
2023-09-10,12:54:50
2023-09-11,12:51:15
2023-09-12,12:47:40
2023-09-13,12:44:04
2023-09-14,12:40:28
2023-09-15,12:36:52
2023-09-16,12:33:16
2023-09-17,12:29:40
2023-09-18,12:26:03
2023-09-19,12:22:27
2023-09-20,12:18:50
2023-09-21,12:15:13
2023-09-22,12:11:36
2023-09-23,12:07:59
2023-09-24,12:04:23
2023-09-25,12:00:46
2023-09-26,11:57:09
2023-09-27,11:53:32
2023-09-28,11:49:55
2023-09-29,11:46:18
2023-09-30,11:42:42
2023-10-01,11:39:05
2023-10-02,11:35:29
2023-10-03,11:31:53
2023-10-04,11:28:17
2023-10-05,11:24:41
2023-10-06,11:21:05
2023-10-07,11:17:29
2023-10-08,11:13:54
2023-10-09,11:10:19
2023-10-10,11:06:45
2023-10-11,11:03:10
2023-10-12,10:59:36
2023-10-13,10:56:03
2023-10-14,10:52:30
2023-10-15,10:48:57
2023-10-16,10:45:25
2023-10-17,10:41:54
2023-10-18,10:38:23
2023-10-19,10:34:53
2023-10-20,10:31:23
2023-10-21,10:27:54
2023-10-22,10:24:26
2023-10-23,10:20:59
2023-10-24,10:17:33
2023-10-25,10:14:08
2023-10-26,10:10:44
2023-10-27,10:07:21
2023-10-28,10:03:59
2023-10-29,10:00:38
2023-10-30,9:57:18
2023-10-31,9:54:00
2023-11-01,9:50:43
2023-11-02,9:47:28
2023-11-03,9:44:14
2023-11-04,9:41:01
2023-11-05,9:37:51
2023-11-06,9:34:42
2023-11-07,9:31:34
2023-11-08,9:28:29
2023-11-09,9:25:26
2023-11-10,9:22:25
2023-11-11,9:19:26
2023-11-12,9:16:29
2023-11-13,9:13:35
2023-11-14,9:10:44
2023-11-15,9:07:55
2023-11-16,9:05:08
2023-11-17,9:02:25
2023-11-18,8:59:44
2023-11-19,8:57:07
2023-11-20,8:54:33
2023-11-21,8:52:02
2023-11-22,8:49:34
2023-11-23,8:47:10
2023-11-24,8:44:50
2023-11-25,8:42:33
2023-11-26,8:40:21
2023-11-27,8:38:12
2023-11-28,8:36:07
2023-11-29,8:34:07
2023-11-30,8:32:11
2023-12-01,8:30:19
2023-12-02,8:28:32
2023-12-03,8:26:49
2023-12-04,8:25:11
2023-12-05,8:23:38
2023-12-06,8:22:10
2023-12-07,8:20:47
2023-12-08,8:19:29
2023-12-09,8:18:17
2023-12-10,8:17:10
2023-12-11,8:16:08
2023-12-12,8:15:12
2023-12-13,8:14:21
2023-12-14,8:13:36
2023-12-15,8:12:56
2023-12-16,8:12:22
2023-12-17,8:11:54
2023-12-18,8:11:32
2023-12-19,8:11:16
2023-12-20,8:11:05
2023-12-21,8:11:00
2023-12-22,8:11:02
2023-12-23,8:11:09
2023-12-24,8:11:22
2023-12-25,8:11:40
2023-12-26,8:12:05
2023-12-27,8:12:35
2023-12-28,8:13:12
2023-12-29,8:13:53
2023-12-30,8:14:41
2023-12-31,8:15:34
2024-01-01,8:16:33
2024-01-02,8:17:37
2024-01-03,8:18:47
2024-01-04,8:20:02
2024-01-05,8:21:22
2024-01-06,8:22:47
2024-01-07,8:24:18
2024-01-08,8:25:54
2024-01-09,8:27:34
2024-01-10,8:29:19
2024-01-11,8:31:09
2024-01-12,8:33:04
2024-01-13,8:35:03
2024-01-14,8:37:06
2024-01-15,8:39:14
2024-01-16,8:41:25
2024-01-17,8:43:41
2024-01-18,8:46:01
2024-01-19,8:48:24
2024-01-20,8:50:51
2024-01-21,8:53:21
2024-01-22,8:55:55
2024-01-23,8:58:32
2024-01-24,9:01:13
2024-01-25,9:03:56
2024-01-26,9:06:43
2024-01-27,9:09:32
2024-01-28,9:12:24
2024-01-29,9:15:19
2024-01-30,9:18:16
2024-01-31,9:21:16
2024-02-01,9:24:18
2024-02-02,9:27:22
2024-02-03,9:30:28
2024-02-04,9:33:37
2024-02-05,9:36:47
2024-02-06,9:40:00
2024-02-07,9:43:14
2024-02-08,9:46:30
2024-02-09,9:49:47
2024-02-10,9:53:06
2024-02-11,9:56:27
2024-02-12,9:59:49
2024-02-13,10:03:12
2024-02-14,10:06:36
2024-02-15,10:10:02
2024-02-16,10:13:29
2024-02-17,10:16:56
2024-02-18,10:20:25
2024-02-19,10:23:55
2024-02-20,10:27:25
2024-02-21,10:30:57
2024-02-22,10:34:29
2024-02-23,10:38:02
2024-02-24,10:41:36
2024-02-25,10:45:10
2024-02-26,10:48:45
2024-02-27,10:52:20
2024-02-28,10:55:56
2024-02-29,10:59:33
2024-03-01,11:03:10
2024-03-02,11:06:47
2024-03-03,11:10:25
2024-03-04,11:14:03
2024-03-05,11:17:41
2024-03-06,11:21:20
2024-03-07,11:24:59
2024-03-08,11:28:39
2024-03-09,11:32:18
2024-03-10,11:35:58
2024-03-11,11:39:38
2024-03-12,11:43:18
2024-03-13,11:46:58
2024-03-14,11:50:39
2024-03-15,11:54:19
2024-03-16,11:57:59
2024-03-17,12:01:40
2024-03-18,12:05:20
2024-03-19,12:09:00
2024-03-20,12:12:40
2024-03-21,12:16:21
2024-03-22,12:20:01
2024-03-23,12:23:41
2024-03-24,12:27:20
2024-03-25,12:31:00
2024-03-26,12:34:40
2024-03-27,12:38:19
2024-03-28,12:41:58
2024-03-29,12:45:37
2024-03-30,12:49:16
2024-03-31,12:52:54
2024-04-01,12:56:32
2024-04-02,13:00:10
2024-04-03,13:03:47
2024-04-04,13:07:24
2024-04-05,13:11:01
2024-04-06,13:14:38
2024-04-07,13:18:13
2024-04-08,13:21:49
2024-04-09,13:25:24
2024-04-10,13:28:58
2024-04-11,13:32:32
2024-04-12,13:36:05
2024-04-13,13:39:37
2024-04-14,13:43:09
2024-04-15,13:46:39
2024-04-16,13:50:10
2024-04-17,13:53:39
2024-04-18,13:57:07
2024-04-19,14:00:35
2024-04-20,14:04:01
2024-04-21,14:07:26
2024-04-22,14:10:51
2024-04-23,14:14:14
2024-04-24,14:17:36
2024-04-25,14:20:57
2024-04-26,14:24:17
2024-04-27,14:27:35
2024-04-28,14:30:52
2024-04-29,14:34:07
2024-04-30,14:37:21
2024-05-01,14:40:34
2024-05-02,14:43:44
2024-05-03,14:46:53
2024-05-04,14:50:01
2024-05-05,14:53:06
2024-05-06,14:56:09
2024-05-07,14:59:11
2024-05-08,15:02:10
2024-05-09,15:05:07
2024-05-10,15:08:01
2024-05-11,15:10:53
2024-05-12,15:13:43
2024-05-13,15:16:30
2024-05-14,15:19:15
2024-05-15,15:21:56
2024-05-16,15:24:35
2024-05-17,15:27:11
2024-05-18,15:29:44
2024-05-19,15:32:13
2024-05-20,15:34:39
2024-05-21,15:37:02
2024-05-22,15:39:22
2024-05-23,15:41:38
2024-05-24,15:43:50
2024-05-25,15:45:59
2024-05-26,15:48:03
2024-05-27,15:50:04
2024-05-28,15:52:01
2024-05-29,15:53:53
2024-05-30,15:55:42
2024-05-31,15:57:26
